,gender,fullName,adress,date,phone,large
0,female,Rose Wade,"9148, Northaven Rd, Mildura, Australia, 6933",1979-04-09T15:16:05.800Z,08-6506-6928,https://randomuser.me/api/portraits/women/27.jpg
1,male,مهدي جعفری,"8357, آیت الله طالقانی, اصفهان, Iran, 79204",1997-04-04T06:17:39.678Z,068-09292382,https://randomuser.me/api/portraits/men/6.jpg
2,male,Édouard Fabre,"9730, Rue de Cuire, Vinzel, Switzerland, 2277",1973-01-27T14:58:03.891Z,076 000 68 27,https://randomuser.me/api/portraits/men/90.jpg
3,female,Sine Åmodt,"4797, Fossveien, Sætre, Norway, 4629",1949-02-14T16:30:17.975Z,69951317,https://randomuser.me/api/portraits/women/74.jpg
4,female,Fatma Demirbaş,"6037, Mevlana Cd, Aydın, Turkey, 83443",1966-12-21T04:10:15.857Z,(381)-698-4836,https://randomuser.me/api/portraits/women/16.jpg
5,male,Oscar Pedersen,"5933, Vesterbro, Nimtofte, Denmark, 92358",1994-04-17T06:45:46.145Z,79533374,https://randomuser.me/api/portraits/men/67.jpg
6,male,Man Van Tetering,"5741, Alphonsusstraat, Nijmegen, Netherlands, 8525 KD",1955-12-23T19:29:26.368Z,(0757) 798711,https://randomuser.me/api/portraits/men/66.jpg
7,male,Özkan Polat,"1588, Vatan Cd, Bitlis, Turkey, 85666",1976-03-21T15:27:11.073Z,(975)-984-2099,https://randomuser.me/api/portraits/men/93.jpg
8,male,Alberto Cepeda,"2060, Eje vial Tamaulipas, Guadalupe Distrito Bravos, Mexico, 82356",2000-07-14T23:22:45.181Z,(651) 965 3730,https://randomuser.me/api/portraits/men/71.jpg
9,female,Veronika Kittilsen,"7431, Lundliveien, Tynset, Norway, 5472",1993-11-24T01:01:48.175Z,74829805,https://randomuser.me/api/portraits/women/68.jpg
10,female,Shylaja Dalvi,"8331, Bannerghatta Rd, Jalna, India, 92545",1960-08-03T10:31:41.197Z,8718261462,https://randomuser.me/api/portraits/women/19.jpg
11,male,Hanad Baartman,"701, Boshof, Buggenum, Netherlands, 7932 NW",1984-10-27T18:26:21.515Z,(048) 7503020,https://randomuser.me/api/portraits/men/18.jpg
12,female,Jackie Murray,"9238, Frances Ct, Orange, Australia, 1038",1998-06-14T06:21:24.287Z,09-9787-7391,https://randomuser.me/api/portraits/women/25.jpg
13,male,Lucas Kuhn,"2546, Fairview St, Warrnambool, Australia, 9131",1990-08-22T17:53:43.206Z,08-3430-5473,https://randomuser.me/api/portraits/men/76.jpg
14,female,Mary Garrett,"5373, Novara Avenue, Carrigaline, Ireland, 44703",1967-06-01T14:36:33.769Z,061-268-8362,https://randomuser.me/api/portraits/women/11.jpg
15,male,Bratislav Perišić,"4542, Dvoržakova, Bela Crkva, Serbia, 55785",1953-11-30T16:46:03.448Z,036-0437-304,https://randomuser.me/api/portraits/men/73.jpg
16,female,Heike Engl,"3473, Lindenweg, Laucha an der Unstrut, Germany, 11341",2000-05-18T21:33:19.375Z,0241-7118649,https://randomuser.me/api/portraits/women/15.jpg
17,male,Bernfried Weiße,"5474, Kapellenweg, Kellinghusen, Germany, 29435",1954-04-24T04:36:57.583Z,0157-7364787,https://randomuser.me/api/portraits/men/78.jpg
18,male,Merdan De Gunst,"4598, Anna Henrixlaan, Aalden, Netherlands, 8450 WN",1967-01-03T22:42:01.324Z,(032) 0128523,https://randomuser.me/api/portraits/men/7.jpg
19,male,Adelmo da Conceição,"3079, Rua Quatro, Araras, Brazil, 54971",1983-04-30T10:00:01.361Z,(16) 4452-5946,https://randomuser.me/api/portraits/men/48.jpg
20,male,Trym Øvergård,"3280, Birgitte Hammers vei, Sysle, Norway, 0481",1950-05-04T05:16:33.703Z,87385852,https://randomuser.me/api/portraits/men/34.jpg
21,male,Emre Solmaz,"178, Abanoz Sk, Yozgat, Turkey, 84684",1953-02-25T05:37:43.503Z,(449)-108-4038,https://randomuser.me/api/portraits/men/44.jpg
22,female,Zosja De Ridder,"854, Grote Bagijnestraat, Aegum, Netherlands, 0037 XT",1992-03-14T20:04:04.730Z,(0954) 579532,https://randomuser.me/api/portraits/women/54.jpg
23,female,Claire Kelley,"6034, W Belt Line Rd, Hollywood, United States, 41024",1982-10-23T03:07:26.576Z,(345) 565-0640,https://randomuser.me/api/portraits/women/34.jpg
24,male,Willie Terry,"8985, School Lane, Arklow, Ireland, 51847",1983-04-22T14:11:07.302Z,061-271-8000,https://randomuser.me/api/portraits/men/66.jpg
25,female,Gertrud Behrmann,"5858, Mittelweg, Brunsbüttel, Germany, 68342",1951-10-23T22:27:24.623Z,0394-0545949,https://randomuser.me/api/portraits/women/56.jpg
26,female,Navami Chiplunkar,"8018, Marine Drive, North Dumdum, India, 55833",1989-03-08T19:24:34.761Z,7168549327,https://randomuser.me/api/portraits/women/78.jpg
27,female,Pava Babich,"3583, Malinskiy provulok, Belz, Ukraine, 10751",1991-11-01T08:40:21.976Z,(098) N07-0551,https://randomuser.me/api/portraits/women/23.jpg
28,female,Thamar Sikkes,"2640, Het Wielsem, Miedum, Netherlands, 0503 FK",1978-12-13T07:20:51.398Z,(006) 9037474,https://randomuser.me/api/portraits/women/56.jpg
29,female,Natalia Eggers,"6864, Brunnenstraße, Emsdetten, Germany, 17336",1961-04-12T08:12:28.485Z,0378-8365021,https://randomuser.me/api/portraits/women/9.jpg
30,male,Cory Lopez,"4211, Richmond Park, Sallins, Ireland, 21244",1979-03-18T22:59:54.981Z,061-132-0348,https://randomuser.me/api/portraits/men/75.jpg
31,male,William Olsen,"3269, Agervej, København Ø, Denmark, 33921",1988-12-31T22:43:37.982Z,18759352,https://randomuser.me/api/portraits/men/15.jpg
32,female,Kristin Green,"4528, Kings Road, York, United Kingdom, T73 8LF",1998-04-03T11:53:50.961Z,015394 24180,https://randomuser.me/api/portraits/women/9.jpg
33,female,Debra Doyle,"383, Church Street, Portmarnock, Ireland, 75870",1994-10-15T14:56:27.237Z,071-424-5428,https://randomuser.me/api/portraits/women/89.jpg
34,female,Emma Pedersen,"8247, Dalgårdsvej, Argerskov, Denmark, 70021",1967-01-15T07:27:47.984Z,48862234,https://randomuser.me/api/portraits/women/27.jpg
35,male,Viroslav Yakimenko,"7705, Pavla Popovicha, Inkerman, Ukraine, 46565",1979-09-17T20:30:17.503Z,(098) T38-8824,https://randomuser.me/api/portraits/men/83.jpg
36,male,Yaroslav Rubanenko,"1229, Troyicka, Kalmiuske, Ukraine, 10945",1993-06-24T22:01:23.359Z,(096) S75-2386,https://randomuser.me/api/portraits/men/75.jpg
37,female,Lyana Priluckiy,"2755, Poznyakivska, Mar'yinka, Ukraine, 11136",1991-12-23T04:50:25.519Z,(067) S68-3628,https://randomuser.me/api/portraits/women/95.jpg
38,female,Jane Lucas,"5405, Edwards Rd, Hobart, Australia, 1455",1963-11-15T16:22:20.976Z,06-2424-8074,https://randomuser.me/api/portraits/women/94.jpg
39,male,Lucas Campbell,"9141, 15th St, Chipman, Canada, E3Y 4W2",1999-12-14T10:00:31.330Z,C52 R29-9196,https://randomuser.me/api/portraits/men/20.jpg
40,female,Annabelle French,"1313, 22nd Ave, Maitland, Canada, P6U 4B7",1968-12-20T18:32:03.308Z,W42 J94-5737,https://randomuser.me/api/portraits/women/35.jpg
41,male,Davut Erginsoy,"3410, Tunalı Hilmi Cd, Konya, Turkey, 72645",1973-06-13T14:40:17.378Z,(597)-720-0852,https://randomuser.me/api/portraits/men/6.jpg
42,male,Glen Fields,"5926, Walnut Hill Ln, Downey, United States, 25223",1982-11-08T10:57:54.588Z,(596) 726-3336,https://randomuser.me/api/portraits/men/88.jpg
43,male,Alvaro Paredes,"492, Peatonal Rosales, Potrerillos, Mexico, 16555",1961-02-09T00:49:08.612Z,(691) 472 3218,https://randomuser.me/api/portraits/men/23.jpg
44,male,Amaury Caron,"7416, Rue du Dauphiné, Avignon, France, 84905",1977-08-22T06:25:27.670Z,03-67-13-30-61,https://randomuser.me/api/portraits/men/31.jpg
45,female,Krasnolika Meh,"1535, Bishivskiy provulok, Lebedin, Ukraine, 15072",1995-12-26T05:54:36.092Z,(096) U58-8018,https://randomuser.me/api/portraits/women/24.jpg
46,female,Afet Denkel,"800, Tunalı Hilmi Cd, Kocaeli, Turkey, 54105",1963-01-27T08:15:36.021Z,(962)-927-4183,https://randomuser.me/api/portraits/women/7.jpg
47,male,Alberto Ellis,"5155, Elgin St, Cairns, Australia, 9588",1965-10-15T20:50:55.340Z,00-5629-7108,https://randomuser.me/api/portraits/men/18.jpg
48,female,Olga Santos,"6212, Calle de Arturo Soria, Torrejón de Ardoz, Spain, 49035",1982-08-11T21:16:40.580Z,943-873-229,https://randomuser.me/api/portraits/women/69.jpg
49,female,Rina Zinkevich,"1674, Vitryani Gori, Hrestivka, Ukraine, 72281",1962-09-13T13:15:43.897Z,(067) G66-5002,https://randomuser.me/api/portraits/women/20.jpg
50,female,Matilda Jarvinen,"4036, Esplanadi, Vårdö, Finland, 26973",1949-11-23T18:58:51.145Z,06-229-222,https://randomuser.me/api/portraits/women/5.jpg
51,female,Monica Castillo,"2818, Prospect Rd, Pembroke Pines, United States, 63347",1997-11-19T20:00:05.721Z,(794) 616-3795,https://randomuser.me/api/portraits/women/54.jpg
52,female,Debbie Walters,"962, Hickory Creek Dr, Maitland, Australia, 1424",1955-10-08T10:40:43.320Z,00-2247-9073,https://randomuser.me/api/portraits/women/95.jpg
53,female,Sam Young,"6115, High Street, Navan, Ireland, 80935",1985-12-22T04:33:25.232Z,011-550-2309,https://randomuser.me/api/portraits/women/45.jpg
54,male,Christian Rasmussen,"1337, Tingvejen, St.Merløse, Denmark, 70064",1945-03-18T12:59:31.188Z,93750990,https://randomuser.me/api/portraits/men/18.jpg
55,female,Sofia Aguilar,"5290, Calle de Ángel García, Palma de Mallorca, Spain, 75747",1952-02-12T06:17:01.741Z,957-973-558,https://randomuser.me/api/portraits/women/51.jpg
56,female,Yadviga Zalozeckiy,"9904, Demohina, Hristinivka, Ukraine, 62157",1962-05-08T01:02:16.862Z,(099) T35-5582,https://randomuser.me/api/portraits/women/13.jpg
57,female,Lias Teixeira,"5147, Rua Minas Gerais , Parnamirim, Brazil, 66915",1980-04-09T00:03:20.051Z,(96) 5759-9554,https://randomuser.me/api/portraits/women/13.jpg
58,female,Consuelo Montero,"903, Calle Covadonga, Cuenca, Spain, 10503",1955-05-17T17:12:04.838Z,962-636-564,https://randomuser.me/api/portraits/women/84.jpg
59,female,Bettina Dufour,"7498, Rue du Stade, Écharlens, Switzerland, 2214",1976-02-29T13:44:07.168Z,076 779 42 73,https://randomuser.me/api/portraits/women/63.jpg
60,male,Cédric Bonnet,"6273, Rue Barrier, Kerzers, Switzerland, 5126",1982-07-24T13:51:33.191Z,078 470 70 10,https://randomuser.me/api/portraits/men/75.jpg
61,female,Enora Petit,"9759, Rue des Chartreux, Montpellier, France, 18698",1950-06-04T07:47:15.446Z,01-38-23-78-70,https://randomuser.me/api/portraits/women/35.jpg
62,female,Justine Ennis,"1315, Main St, Keswick, Canada, Y2H 0Q8",1968-12-19T23:22:18.990Z,S67 Y56-6184,https://randomuser.me/api/portraits/women/28.jpg
63,female,Angela Rojas,"5076, Avenida del Planetario, Las Palmas de Gran Canaria, Spain, 24151",1953-01-27T11:35:48.724Z,953-461-244,https://randomuser.me/api/portraits/women/95.jpg
64,female,Ella Olsen,"3501, Digevej, V.Skerninge, Denmark, 84870",2000-11-25T22:14:07.165Z,05184308,https://randomuser.me/api/portraits/women/23.jpg
65,female,Paola Cedillo,"1779, Periférico Morelos, Rumorosa, Mexico, 52398",1949-03-29T03:05:50.963Z,(667) 138 5865,https://randomuser.me/api/portraits/women/96.jpg
66,female,پرنیا زارعی,"5139, قائم مقام فراهانی, تهران, Iran, 30520",1950-08-01T16:32:58.594Z,033-65055704,https://randomuser.me/api/portraits/women/89.jpg
67,female,Michelle Ortiz,"6942, Robinson Rd, Hervey Bay, Australia, 8634",1973-03-10T19:14:59.286Z,03-6350-8402,https://randomuser.me/api/portraits/women/37.jpg
68,female,Vitalina Malanyuk,"1075, Yasinuvatska, Koryukivka, Ukraine, 19976",1974-02-21T01:38:09.378Z,(098) L03-3601,https://randomuser.me/api/portraits/women/36.jpg
69,female,Claire Muller,"831, Rue Duguesclin, Oberstammheim, Switzerland, 8032",1956-12-07T12:47:11.257Z,076 188 22 71,https://randomuser.me/api/portraits/women/84.jpg
70,female,ملینا پارسا,"4004, میدان جمهوری, اراک, Iran, 73544",1950-08-19T16:30:36.554Z,087-91085920,https://randomuser.me/api/portraits/women/65.jpg
71,male,Aleksandar Carpentier,"7134, Rue Paul Bert, Brione sopra Minusio, Switzerland, 4480",1984-06-22T06:52:54.764Z,077 251 74 87,https://randomuser.me/api/portraits/men/32.jpg
72,female,الینا زارعی,"5075, اقبال لاهوری, قرچک, Iran, 19236",1950-01-31T11:55:06.327Z,025-50162538,https://randomuser.me/api/portraits/women/94.jpg
73,female,Aliciane Alves,"4960, Rua Alagoas , Araruama, Brazil, 65296",1964-10-05T00:18:29.386Z,(05) 2048-9753,https://randomuser.me/api/portraits/women/26.jpg
74,female,Josefine Mortensen,"7693, Viborgvej, Odense Sv, Denmark, 52776",2000-06-23T07:11:47.961Z,99820215,https://randomuser.me/api/portraits/women/70.jpg
75,male,Sagar Mendonsa,"3625, Lindsay St, Howrah, India, 29701",1962-09-01T15:21:21.289Z,9270215823,https://randomuser.me/api/portraits/men/58.jpg
76,female,پارمیس زارعی,"2634, شیخ فضل الله نوری, اراک, Iran, 80444",1990-02-26T15:06:58.257Z,075-25107531,https://randomuser.me/api/portraits/women/31.jpg
77,male,Rohan Singh,"7075, Mirza Ismail Rd, Mangalore, India, 74009",1993-04-16T10:03:20.513Z,8832671010,https://randomuser.me/api/portraits/men/39.jpg
78,male,رهام پارسا,"8215, استاد نجات‌اللهی, گلستان, Iran, 70615",1978-11-12T08:45:20.785Z,057-49511250,https://randomuser.me/api/portraits/men/48.jpg
79,male,Timmothy Silva,"2886, The Crescent, Peterborough, United Kingdom, GN2 8EU",1986-05-11T17:53:05.884Z,015395 95107,https://randomuser.me/api/portraits/men/2.jpg
80,male,Roberto Cruz,"4871, Paseo de Zorrilla, Gijón, Spain, 50359",1979-03-03T11:32:59.625Z,932-590-895,https://randomuser.me/api/portraits/men/2.jpg
81,male,Gerry Scott,"8529, St. John’S Road, Newcastle upon Tyne, United Kingdom, P1A 0LZ",1977-01-05T23:09:29.953Z,015395 88603,https://randomuser.me/api/portraits/men/60.jpg
82,female,Özsu Demirbaş,"919, Mevlana Cd, Yalova, Turkey, 90206",1955-07-16T03:00:59.451Z,(664)-978-7503,https://randomuser.me/api/portraits/women/62.jpg
83,female,Gopika Mugeraya,"6580, Rajpath, Dharmavaram, India, 85620",1977-10-01T16:32:56.480Z,8416496013,https://randomuser.me/api/portraits/women/31.jpg
84,female,Mestan Tokatlıoğlu,"6867, Bağdat Cd, Balıkesir, Turkey, 39644",1984-07-30T17:21:35.654Z,(961)-220-9111,https://randomuser.me/api/portraits/women/14.jpg
85,female,Aada Hanka,"6486, Otavalankatu, Paimio, Finland, 55452",1946-09-01T14:05:50.545Z,02-337-397,https://randomuser.me/api/portraits/women/63.jpg
86,male,Archie Patel,"621, Fenton Street, Auckland, New Zealand, 22906",1963-02-13T18:15:23.028Z,(290)-822-4541,https://randomuser.me/api/portraits/men/67.jpg
87,female,Melike Kaplangı,"9963, Atatürk Sk, Batman, Turkey, 97530",1989-03-19T19:16:02.157Z,(352)-747-2897,https://randomuser.me/api/portraits/women/62.jpg
88,male,Igor da Rocha,"6661, Rua Espirito Santo , Araraquara, Brazil, 71033",1971-09-21T20:05:54.977Z,(38) 3746-8142,https://randomuser.me/api/portraits/men/26.jpg
89,male,Zachary Anderson,"4710, Portsmouth Drive, Taupo, New Zealand, 46797",1998-05-20T19:37:35.208Z,(477)-445-6875,https://randomuser.me/api/portraits/men/15.jpg
90,male,Nazario Gallegos,"8783, Periférico Sinaloa, Tlaxmalac, Mexico, 70484",1958-12-27T16:22:38.743Z,(661) 463 3858,https://randomuser.me/api/portraits/men/61.jpg
91,male,Jack Lévesque,"4693, Brock Rd, Greenwood, Canada, O5S 5G1",1963-01-26T21:02:22.609Z,C37 A45-6357,https://randomuser.me/api/portraits/men/19.jpg
92,male,Mathis Grewal,"1279, 22nd Ave, Sidney, Canada, M3T 0D9",1956-05-15T23:34:52.242Z,Z35 B60-0004,https://randomuser.me/api/portraits/men/82.jpg
93,male,Billy Hicks,"7687, Highfield Road, Dundee, United Kingdom, BG09 4TW",1988-06-16T18:03:29.853Z,016974 76005,https://randomuser.me/api/portraits/men/79.jpg
94,female,Julia Hakola,"8182, Rautatienkatu, Sastamala, Finland, 67714",1968-02-23T15:43:03.184Z,09-184-067,https://randomuser.me/api/portraits/women/61.jpg
95,female,Suhasini Adiga,"9148, Bhootnath Rd, Kolkata, India, 40402",1965-02-24T07:27:54.786Z,7511484610,https://randomuser.me/api/portraits/women/41.jpg
96,female,Pistina Zhurbenko,"5349, Veterinarna, Dunayivci, Ukraine, 36816",1979-01-07T20:55:17.822Z,(098) I45-2728,https://randomuser.me/api/portraits/women/59.jpg
97,female,Ella Brown,"472, Lake of Bays Road, Melbourne, Canada, L4H 6Q3",1956-09-18T13:06:42.265Z,H29 A99-6299,https://randomuser.me/api/portraits/women/47.jpg
98,female,Silja Langseth,"6152, Totengata, Dale, Norway, 6025",1954-06-22T21:25:08.106Z,28653860,https://randomuser.me/api/portraits/women/19.jpg
99,male,Luis Arellano,"2545, Eje vial Rincón, El Coyote, Mexico, 20969",1969-04-25T18:38:23.940Z,(606) 143 3166,https://randomuser.me/api/portraits/men/51.jpg
